ID_Personnes;Prenom;Nom
1;Georgi;Facello
2;Bezalel;Simmel
3;Parto;Bamford
4;Chirstian;Koblick
5;Kyoichi;Maliniak
6;Anneke;Preusig
7;Jean;Messiha
8;Jules;Rogé
9;Maxence;Leroux
10;Duangkaew;Piveteau
11;Mary;Sluis
12;Patricio;Bridgland
13;Eberhardt;Terkki
14;Mona;Azuma
15;Guoxiang;Nooteboom
16;Kazuhito;Cappelletti
17;Cristinel;Bouloucos
18;Kazuhide;Peha
19;Lillian;Haddadi
20;Mayuko;Warwick
21;Timothée;Renaud
22;Shahaf;Famili
23;Bojan;Montemayor
24;Suzette;Pettey
25;Prasadram;Heyers
26;Yongqiao;Berztiss
27;Divier;Reistad
28;Domenick;Tempesti
29;Otmar;Herbst
30;Elvis;Demeyer
31;Steevy;Boulay
32;Jeong;Reistad
33;Arif;Merlo
34;Bader;Swan
35;Alain;Chappelet
36;Adamantios;Portugali
37;Pradeep;Makrucki
38;Huan;Lortz
39;Michel;Drucker
40;Macka;Teguen-Idibei
41;Uri;Lenart
42;Magy;Stamatiou
43;Yishay;Tzvieli
44;Fabrice;Di Vizio
45;Pierre;Garnier
46;Jules;Thiébault
47;Sumant;Peac
48;Florian;Annal
49;Basil;Tramer
50;Yinghua;Dredge
51;Hidefumi;Caine
52;Heping;Nitsch
53;Sanjiv;Zschoche
54;Mayumi;Schueller
55;Georgy;Dredge
56;Brendon;Bernini
57;Ebbe;Callaway
58;Berhard;McFarlin
59;Alejandro;McAlpine
60;Breannda;Billingsley
61;Tse;Herber
62;Anoosh;Peyn
63;Gino;Leonhardt
64;Udi;Jansch
65;Satosi;Awdeh
66;Kwee;Schusler
67;Claudi;Stavenow
68;Charlene;Brattka
69;Margareta;Bierman
70;Reuven;Garigliano
71;Hisao;Lipner
72;Hironoby;Sidou
73;Shir;McClurg
74;Mokhtar;Bernatsky
75;Gao;Dolinsky
76;Erez;Ritzmann
77;Eric;Naulleau
78;Danel;Mondadori
79;Kshitij;Gils
80;Premal;Baek
81;Zhongwei;Rosen
82;Parviz;Lortz
83;Vishv;Zockler
84;Tuval;Kalloufi
85;Kenroku;Malabarba
86;Somnath;Foote
87;Xinglin;Eugenio
88;Jungsoon;Syrzycki
89;Sudharsan;Flasterstein
90;Kendra;Hofting
91;Amabile;Gomatam
92;Valdiodio;Niizuma
93;Sailaja;Desikan
94;Arumugam;Ossenbruggen
95;Hilari;Morton
96;Jayson;Mandell
97;Remzi;Waschkowski
98;Sreekrishna;Servieres
99;Valter;Sullins
100;Hironobu;Haraldson
101;Perla;Heyers
102;Paraskevi;Luby
103;Akemi;Birch
104;Xinyu;Warwick
105;Hironoby;Piveteau
106;Eben;Aingworth
107;Dung;Baca
108;Lunjin;Giveon
109;Mariusz;Prampolini
110;Xuejia;Ullian
111;Hugo;Rosis
112;Yuichiro;Swick
113;Jaewon;Syrzycki
114;Munir;Demeyer
115;Chikara;Rissland
116;Dayanand;Czap
117;Kiyotoshi;Blokdijk
118;Zhonghui;Zyda
119;Domenick;Peltason
120;Armond;Fairtlough
121;Guoxiang;Ramsay
122;Ohad;Esposito
123;Hinrich;Randi
124;Geraldo;Marwedel
125;Syozo;Hiltgen
126;Kayoko;Valtorta
127;Subir;Baja
128;Babette;Lamba
129;Armond;Peir
130;Nishit;Casperson
131;Magdalena;Eldridge
132;Ayakannu;Skrikant
133;Giri;Isaak
134;Diederik;Siprelle
135;Nathan;Monkewich
136;Zissis;Pintelas
137;Maren;Hutton
138;Perry;Shimshoni
139;Ewing;Foong
140;Yucel;Auria
141;Shahaf;Ishibashi
142;Tzvetan;Hettesheimer
143;Abderrazak;Daoudi
144;Marla;Brendel
145;Akemi;Esposito
146;Chenyi;Syang
147;Kazuhito;Encarnacion
148;Douadi;Azumi
149;Xiadong;Perry
150;Zhenbing;Perng
151;Itzchak;Lichtner
152;Jaques;Munro
153;Heekeun;Majewski
154;Abdulah;Thibadeau
155;Adas;Nastansky
156;Sumali;Fargier
157;Nigel;Aloisi
158;Khedija;Mitsuhashi
159;Serif;Buescher
160;Debatosh;Khasidashvili
161;Hairong;Mellouli
162;Florina;Eugenio
163;Karsten;Szmurlo
164;Jagoda;Braunmuhl
165;Miyeon;Macedo
166;Samphel;Siegrist
167;Duangkaew;Rassart
168;Dharmaraja;Stassinopoulos
169;Sampalli;Snedden
170;Kasturi;Jenevein
171;Herbert;Trachtenberg
172;Shigeu;Matzen
173;Shrikanth;Mahmud
174;Badri;Furudate
175;Aleksandar;Ananiadou
176;Brendon;Lenart
177;Pragnesh;Iisaka
178;Valery;Litvinov
179;Deniz;Duclos
180;Shaw;Wendorf
181;Sibyl;Nooteboom
182;Moriyoshi;Merey
183;Mechthild;Bonifati
184;Mihalis;Lowrie
185;Duro;Sidhu
186;Shigehito;Kropatsch
187;Tommaso;Narwekar
188;Christ;Muchinsky
189;Khalid;Erva
190;Arve;Fairtlough
191;Zdislav;Nastansky
192;Mohua;Falck
193;Masaru;Cheshire
194;Josyula;Hofmeyr
195;Annemarie;Redmiles
196;Marc;Hellwagner
197;Kasidit;Krzyzanowski
198;Pranav;Furedi
199;Kazuhisa;Ranta
200;Vidya;Awdeh
201;Idoia;Kavraki
202;Greger;Lichtner
203;Steen;Escriba
204;Nevio;Ritcey
205;Mabhin;Leijenhorst
206;Alassane;Iwayama
207;Girolamo;Anandan
208;Xiping;Klerer
209;Yolla;Ellozy
210;Yuping;Alpin
211;Vishu;Strehl
212;Divier;Esteva
213;Jackson;Kakkad
214;Tadahiko;Ciolek
215;Xiaobin;Duclos
216;Amstein;Ghemri
217;Yongmin;Roison
218;Zhenhua;Magalhaes
219;Genta;Kolvik
220;Kish;Fasbender
221;Yucai;Granlund
222;Tze;Nourani
223;Carrsten;Schmiedel
224;Leon;Trogemann
225;Kellie;Chinen
226;Xinglin;Plessier
227;Anneli;Kaiser
228;Karoline;Cesareni
229;Ulises;Takanami
230;Clyde;Vernadat
231;Shaowen;Desikan
232;Marko;Auria
233;Lein;Vendrig
234;Arunachalam;Bakhtari
235;Susanta;Roccetti
236;Susumu;Bade
237;Yannis;Mandell
238;Mototsugu;Gire
239;Nikolaos;Llado
240;Remko;Maccarone
241;Ortrud;Murillo
242;Lunjin;Ozeri
243;Wonhee;Pouyioutas
244;Foong;Flasterstein
245;Ramalingam;Gente
246;Basem;Teitelbaum
247;Heon;Riefers
248;Frederique;Tempesti
249;Marie;Boreale
250;Serap;Etalle
251;Alair;Rosenbaum
252;Shirish;Wegerle
253;Zsolt;Salinas
254;Shen;Brattka
255;Roddy;Garnick
256;Irene;Radhakrishnan
257;Aiman;Riexinger
258;Basil;Ishibashi
259;Susanna;Vesel
260;Alper;Suomi
261;Mang;Erie
262;Mahendra;Maraist
263;Takahiro;Waterhouse
264;Nalini;Kawashimo
265;Ramalingam;Muniz
266;Sukumar;Rassart
267;Shaunak;Cullers
268;Nishit;Siochi
269;Taizo;Oxman
270;Bedir;Hartvigsen
271;Sham;Eastman
272;Yishai;Cannane
273;Baocai;Lieblein
274;Dmitri;Pearson
275;Marek;Luck
276;Xuejun;Hempstead
277;Isaac;Schwartzbauer
278;Lubomir;Nitsch
279;Barton;Jumpertz
280;Stabislas;Delgrange
281;Thierry;Beccaro
